734  Fri 03 Oct 2014  04 13 23 45 50 *05 10*  78,370,000
733  Tue 30 Sep 2014  03 13 15 33 45 *05 07*  25,668,301
732  Fri 26 Sep 2014  13 27 35 46 47 *01 02*  20,137,574
731  Tue 23 Sep 2014  12 13 14 29 35 *01 07*  11,770,500
730  Fri 19 Sep 2014  06 08 34 38 48 *03 09*  68,362,889
729  Tue 16 Sep 2014  04 29 30 35 50 *02 04*  59,479,470
728  Fri 12 Sep 2014  09 13 26 31 33 *07 11*  52,772,468
727  Tue  9 Sep 2014  08 15 19 24 35 *08 10*  44,245,873
726  Fri  5 Sep 2014  01 18 23 46 50 *03 09*  37,783,420
725  Tue  2 Sep 2014  05 25 31 39 45 *01 08*  29,994,082
724  Fri 29 Aug 2014  02 09 26 32 38 *03 06*  24,464,842
723  Tue 26 Aug 2014  10 22 36 45 48 *04 11*  16,991,311
722  Fri 22 Aug 2014  04 17 29 35 49 *01 02*  12,000,000
721  Tue 19 Aug 2014  04 07 11 34 47 *07 08*  43,584,628
720  Fri 15 Aug 2014  04 05 21 23 30 *08 10*  37,718,167
719  Tue 12 Aug 2014  07 16 19 22 33 *02 05*  30,079,457
718  Fri  8 Aug 2014  21 29 35 43 46 *01 09*  24,759,542
717  Tue  5 Aug 2014  05 07 19 21 42 *05 11*  17,029,645
716  Fri  1 Aug 2014  24 44 46 48 50 *05 10*  11,977,500
715  Tue 29 Jul 2014  10 23 35 40 43 *03 09*  29,815,964
714  Fri 25 Jul 2014  09 10 12 24 43 *05 09*  24,470,875
713  Tue 22 Jul 2014  01 24 43 45 50 *05 08*  16,916,606
712  Fri 18 Jul 2014  01 11 29 41 43 *03 11*  11,878,500
711  Tue 15 Jul 2014  15 18 20 27 34 *01 03*  53,758,144
710  Fri 11 Jul 2014  05 22 35 38 49 *04 07*  47,789,038
709  Tue  8 Jul 2014  08 18 22 24 27 *04 11*  39,193,498
708  Fri  4 Jul 2014  04 18 39 43 47 *02 06*  33,347,512
707  Tue  1 Jul 2014  18 22 25 27 39 *05 10*  25,344,616
706  Fri 27 Jun 2014  31 33 34 39 45 *02 10*  19,914,711
705  Tue 24 Jun 2014  01 07 20 21 48 *04 07*  12,021,000
704  Fri 20 Jun 2014  05 15 25 38 49 *01 02*  19,964,918
703  Tue 17 Jun 2014  11 13 37 40 48 *08 09*  11,983,500
702  Fri 13 Jun 2014  16 18 22 28 46 *09 11* 109,589,905
701  Tue 10 Jun 2014  12 18 21 32 33 *01 11*  95,933,457
700  Fri  6 Jun 2014  07 25 34 40 49 *09 11*  86,858,395
699  Tue  3 Jun 2014  02 15 32 39 44 *05 10*  72,437,363
698  Fri 30 May 2014  05 24 27 41 45 *06 07*  64,246,871
697  Tue 27 May 2014  07 13 16 25 26 *01 06*  54,445,724
696  Fri 23 May 2014  03 08 31 34 47 *09 11*  48,094,706
695  Tue 20 May 2014  05 33 36 38 47 *04 09*  39,669,453
694  Fri 16 May 2014  23 26 29 37 40 *03 04*  33,974,182
693  Tue 13 May 2014  04 13 30 34 47 *02 06*  25,746,571
692  Fri  9 May 2014  03 21 26 28 45 *07 10*  20,214,823
691  Tue  6 May 2014  05 19 24 31 37 *01 09*  12,321,000
690  Fri  2 May 2014  04 30 31 38 42 *02 11*  73,205,660
689  Tue 29 Apr 2014  18 23 26 35 44 *03 11*  62,955,401
688  Fri 25 Apr 2014  13 21 24 44 49 *01 09*  56,005,506
687  Tue 22 Apr 2014  13 15 20 24 46 *01 08*  46,672,601
686  Fri 18 Apr 2014  21 24 31 39 47 *03 07*  40,962,533
685  Tue 15 Apr 2014  03 14 26 47 50 *07 11*  32,625,427
684  Fri 11 Apr 2014  08 12 19 30 33 *04 11*  26,905,670
683  Tue  8 Apr 2014  11 18 29 42 49 *04 11*  17,853,605
682  Fri  4 Apr 2014  06 10 28 45 50 *10 11*  12,415,500
681  Tue  1 Apr 2014  16 18 26 38 44 *08 10*  12,457,500
680  Fri 28 Mar 2014  03 04 19 28 43 *03 07*  20,942,416
679  Tue 25 Mar 2014  07 20 26 28 50 *02 08*  12,549,000
678  Fri 21 Mar 2014  07 30 37 39 42 *05 07*  21,325,022
677  Tue 18 Mar 2014  08 27 34 36 39 *05 10*  12,603,000
676  Fri 14 Mar 2014  06 24 25 27 30 *05 09* 107,932,603
675  Tue 11 Mar 2014  01 04 23 33 44 *07 08*  93,707,468
674  Fri  7 Mar 2014  05 10 38 40 41 *01 08*  82,990,000
673  Tue  4 Mar 2014  03 05 22 27 44 *01 06*  12,375,000
672  Fri 28 Feb 2014  12 32 38 43 44 *02 07*  35,072,863
671  Tue 25 Feb 2014  21 25 28 35 42 *04 06*  26,289,565
670  Fri 21 Feb 2014  13 17 28 30 32 *05 07*  20,630,644
669  Tue 18 Feb 2014  23 26 36 37 49 *06 07*  12,378,000
668  Fri 14 Feb 2014  02 04 06 19 39 *02 07*  20,927,566
667  Tue 11 Feb 2014  08 17 25 41 47 *01 02*  12,445,500
666  Fri  7 Feb 2014  03 17 19 46 47 *09 10*  21,037,161
665  Tue  4 Feb 2014  01 21 33 37 38 *04 08*  12,433,500
664  Fri 31 Jan 2014  08 10 15 16 31 *08 09*  59,249,234
663  Tue 28 Jan 2014  18 20 23 42 48 *02 09*  49,446,896
662  Fri 24 Jan 2014  05 19 34 35 41 *01 05*  43,002,299
661  Tue 21 Jan 2014  04 12 35 42 48 *05 08*  33,466,125
660  Fri 17 Jan 2014  19 26 32 33 42 *04 10*  27,266,155
659  Tue 14 Jan 2014  18 20 25 26 37 *10 11*  18,577,883
658  Fri 10 Jan 2014  01 02 11 27 29 *01 10*  12,453,000
657  Tue  7 Jan 2014  02 20 27 33 45 *06 10*  54,123,899
656  Fri  3 Jan 2014  03 27 31 38 44 *03 08*  96,289,141
655  Tue 31 Dec 2013  13 20 24 29 45 *03 07*  83,850,382
654  Fri 27 Dec 2013  01 06 13 22 28 *05 10*  72,089,654
653  Tue 24 Dec 2013  05 19 31 43 50 *02 06*  62,469,261
652  Fri 20 Dec 2013  12 13 17 22 43 *03 10*  53,875,274
651  Tue 17 Dec 2013  06 08 27 37 41 *07 10*  44,362,413
650  Fri 13 Dec 2013  01 22 23 24 31 *06 11*  37,664,283
649  Tue 10 Dec 2013  06 24 35 49 50 *01 07*  26,551,498
648  Fri  6 Dec 2013  01 02 18 31 36 *07 10*  20,874,773
647  Tue  3 Dec 2013  06 13 15 29 32 *02 09*  12,445,500
646  Fri 29 Nov 2013  02 07 10 23 43 *04 07*  12,429,000
645  Tue 26 Nov 2013  19 23 27 42 44 *03 05*  26,863,588
644  Fri 22 Nov 2013  13 25 26 40 50 *08 09*  21,186,645
643  Tue 19 Nov 2013  14 15 19 36 45 *01 10*  12,606,000
642  Fri 15 Nov 2013  03 13 15 29 42 *01 04*  83,830,000
641  Tue 12 Nov 2013  14 29 37 40 48 *02 11*  12,682,500
640  Fri  8 Nov 2013  20 28 35 42 43 *08 10*   6,255,000
639  Tue  5 Nov 2013  06 12 13 35 38 *02 03*  18,107,224
638  Fri  1 Nov 2013  07 19 29 30 33 *03 08*  12,709,500
637  Tue 29 Oct 2013  09 10 30 32 37 *02 06*  12,856,500
636  Fri 25 Oct 2013  02 03 10 31 38 *06 10*  27,080,608
635  Tue 22 Oct 2013  29 33 39 41 44 *09 11*  18,308,847
634  Fri 18 Oct 2013  05 25 36 46 47 *02 06*  12,711,000
633  Tue 15 Oct 2013  18 27 39 43 47 *04 07*  43,086,063
632  Fri 11 Oct 2013  06 12 17 23 43 *05 09*  36,840,020
631  Tue  8 Oct 2013  23 24 26 33 42 *03 05*  27,440,665
630  Fri  4 Oct 2013  06 20 24 35 50 *05 10*  21,498,731
629  Tue  1 Oct 2013  19 23 25 44 48 *08 09*  12,544,500
628  Fri 27 Sep 2013  11 15 38 41 43 *02 06*  55,193,986
627  Tue 24 Sep 2013  10 20 26 28 43 *09 11*  45,405,876
626  Fri 20 Sep 2013  05 11 35 38 45 *02 03*  38,960,567
625  Tue 17 Sep 2013  13 17 21 42 44 *09 11*  29,412,765
624  Fri 13 Sep 2013  04 06 14 27 33 *05 10*  23,253,808
623  Tue 10 Sep 2013  07 11 14 28 30 *02 10*  12,666,000
622  Fri  6 Sep 2013  11 23 25 32 37 *04 07*  10,801,883
621  Tue  3 Sep 2013  05 09 16 18 42 *07 09*  12,709,500
620  Fri 30 Aug 2013  02 17 25 36 45 *05 09*  10,942,818
619  Tue 27 Aug 2013  07 30 38 40 43 *02 06*  12,931,500
618  Fri 23 Aug 2013  01 06 26 30 37 *05 08*  80,738,985
617  Tue 20 Aug 2013  05 11 42 49 50 *08 11*  68,593,880
616  Fri 16 Aug 2013  20 24 27 37 39 *05 10*  60,621,367
615  Tue 13 Aug 2013  05 17 20 47 50 *01 04*  51,018,937
614  Fri  9 Aug 2013  04 07 09 23 24 *08 09*  44,134,518
613  Tue  6 Aug 2013  16 17 31 47 49 *03 11*  34,673,271
612  Fri  2 Aug 2013  21 36 37 42 48 *04 07*  28,309,281
611  Tue 30 Jul 2013  03 04 11 14 43 *01 06*  19,184,610
610  Fri 26 Jul 2013  12 23 29 38 49 *03 04*  13,081,162
609  Tue 23 Jul 2013  14 15 16 19 44 *04 05*  12,907,500
608  Fri 19 Jul 2013  13 16 24 26 35 *02 05*  12,925,500
607  Tue 16 Jul 2013  19 23 34 47 50 *04 06*  19,201,363
606  Fri 12 Jul 2013  18 26 32 33 42 *02 03*  12,987,000
605  Tue  9 Jul 2013  16 18 31 38 49 *04 10*  28,847,237
604  Fri  5 Jul 2013  04 12 15 28 33 *01 10*  22,417,687
603  Tue  2 Jul 2013  11 13 14 28 30 *04 05*  12,844,500
602  Fri 28 Jun 2013  01 15 28 35 47 *01 07*  12,843,000
601  Tue 25 Jun 2013  04 05 13 27 35 *01 02*  79,779,517
600  Fri 21 Jun 2013  10 11 30 36 45 *01 02* 143,627,629
599  Tue 18 Jun 2013  17 24 33 41 44 *01 11* 125,775,679
598  Fri 14 Jun 2013  10 25 41 47 48 *06 10* 111,780,731
597  Tue 11 Jun 2013  05 07 09 25 41 *01 05*  96,181,290
596  Fri  7 Jun 2013  07 14 26 45 50 *02 07*  85,130,000
595  Tue  4 Jun 2013  31 33 34 37 40 *01 06*  19,080,295
594  Fri 31 May 2013  27 28 29 34 43 *05 10*  12,841,500
593  Tue 28 May 2013  08 13 26 34 38 *03 11*  81,381,673
592  Fri 24 May 2013  07 17 22 27 40 *02 03*  73,074,352
591  Tue 21 May 2013  07 08 19 28 29 *05 09*  61,122,965
590  Fri 17 May 2013  06 20 24 25 50 *09 10*  53,520,165
589  Tue 14 May 2013  07 08 24 27 36 *05 11*  43,382,876
588  Fri 10 May 2013  01 32 35 45 48 *04 11*  36,503,084   
587  Tue  7 May 2013  13 27 28 42 43 *04 06*  27,337,587   
586  Fri  3 May 2013  03 05 34 40 49 *02 03*  21,355,336   
585  Tue 30 Apr 2013  13 36 40 43 50 *05 09*  12,727,500   
584  Fri 26 Apr 2013  11 16 24 38 40 *02 05*  27,335,676   
583  Tue 23 Apr 2013  01 04 07 10 50 *04 11*  18,557,707   
582  Fri 19 Apr 2013  01 08 42 46 48 *04 07*  12,874,500   
581  Tue 16 Apr 2013  01 11 22 33 50 *04 06*  12,879,000   
580  Fri 12 Apr 2013  05 10 15 28 45 *03 09*  22,422,511
579  Tue  9 Apr 2013  15 35 38 44 48 *05 10*  12,825,000
578  Fri  5 Apr 2013  01 11 17 32 39 *02 07*  11,268,414
577  Tue  2 Apr 2013  12 17 25 29 41 *01 04*  12,741,000
576  Fri 29 Mar 2013  13 30 43 44 46 *05 09* 112,017,541
575  Tue 26 Mar 2013  04 26 30 42 44 *06 11*  96,302,211
574  Fri 22 Mar 2013  12 27 32 34 49 *08 09*  85,330,000
573  Tue 19 Mar 2013  19 32 35 37 44 *01 09*  18,770,152
572  Fri 15 Mar 2013  04 14 21 24 39 *03 10*  12,997,500
571  Tue 12 Mar 2013  02 04 10 22 50 *05 08*  13,135,500
570  Fri  8 Mar 2013  03 20 23 28 42 *08 11*  45,058,160
569  Tue  5 Mar 2013  08 19 31 33 39 *02 07*  34,631,815
568  Fri  1 Mar 2013  01 11 29 36 42 *04 05*  28,372,232
567  Tue 26 Feb 2013  03 12 13 17 30 *02 06*  18,874,481
566  Fri 22 Feb 2013  15 16 28 36 37 *02 11*  12,981,000
565  Tue 19 Feb 2013  12 15 28 30 44 *08 09*  52,357,563
564  Fri 15 Feb 2013  02 04 22 28 42 *04 09*  44,855,571
563  Tue 12 Feb 2013  05 11 16 25 28 *07 09*  34,628,142
562  Fri  8 Feb 2013  09 11 14 34 44 *10 11*  27,886,637
561  Tue  5 Feb 2013  06 25 31 40 45 *06 07*  19,070,109
560  Fri  1 Feb 2013  05 21 34 37 38 *01 06*  13,063,500
559  Tue 29 Jan 2013  09 16 26 36 39 *02 06*   6,431,250
558  Fri 25 Jan 2013  03 10 18 31 37 *02 04*  37,772,357
557  Tue 22 Jan 2013  01 10 44 45 48 *01 04*  27,777,897
556  Fri 18 Jan 2013  04 26 27 30 39 *03 10*  21,672,986
555  Tue 15 Jan 2013  22 38 40 42 47 *01 11*  12,441,000
554  Fri 11 Jan 2013  04 22 29 37 41 *04 07*  28,307,149
553  Tue  8 Jan 2013  02 20 22 26 47 *05 09*  18,341,712
552  Fri  4 Jan 2013  04 10 22 27 41 *08 10*  12,216,000
551  Tue  1 Jan 2013  02 07 08 36 49 *01 11*  10,243,449
550  Fri 28 Dec 2012  17 24 26 27 49 *03 05*  21,875,652
549  Tue 25 Dec 2012  14 18 20 23 32 *03 10*  12,322,500
548  Fri 21 Dec 2012  03 05 22 40 42 *03 10*  83,087,699
547  Tue 18 Dec 2012  14 18 20 35 44 *02 05*  70,070,413
546  Fri 14 Dec 2012  10 11 29 40 43 *03 11*  62,293,153
545  Tue 11 Dec 2012  01 04 09 43 50 *06 08*  51,106,703
544  Fri  7 Dec 2012  10 16 18 31 42 *02 05*  44,054,164
543  Tue  4 Dec 2012  05 10 28 29 44 *02 04*  34,505,412
542  Fri 30 Nov 2012  10 18 23 24 40 *03 04*  27,864,810
541  Tue 27 Nov 2012  06 10 23 44 49 *01 07*  18,165,905
540  Fri 23 Nov 2012  01 09 11 20 40 *01 05*  12,147,000
539  Tue 20 Nov 2012  28 30 42 45 49 *05 10*  18,330,737
538  Fri 16 Nov 2012  10 15 19 23 41 *02 09*  12,039,000
537  Tue 13 Nov 2012  11 16 21 24 29 *02 06* 136,124,363
536  Fri  9 Nov 2012  14 21 22 28 47 *04 05* 122,416,477
535  Tue  6 Nov 2012  07 20 25 35 41 *01 09* 106,443,387
534  Fri  2 Nov 2012  03 06 10 11 44 *03 04*  95,574,746
533  Tue 30 Oct 2012  23 24 25 31 44 *02 03*  82,777,654
532  Fri 26 Oct 2012  05 06 09 27 38 *05 11*  73,585,548
531  Tue 23 Oct 2012  01 28 35 38 50 *02 10*  62,668,378
530  Fri 19 Oct 2012  16 29 37 40 44 *08 10*  55,297,557
529  Tue 16 Oct 2012  10 32 40 41 49 *02 08*  44,407,071
528  Fri 12 Oct 2012  06 07 17 35 43 *02 08*  37,648,529
527  Tue  9 Oct 2012  02 08 10 23 25 *08 09*  27,768,213
526  Fri  5 Oct 2012  09 16 18 19 21 *02 03*  21,701,658
525  Tue  2 Oct 2012  04 16 21 36 42 *07 08*  12,015,000
524  Fri 28 Sep 2012  20 23 26 30 33 *06 09*  79,750,000
523  Tue 25 Sep 2012  07 25 27 48 49 *01 04*  27,120,727
522  Fri 21 Sep 2012  04 19 34 41 43 *07 11*  21,218,945
521  Tue 18 Sep 2012  06 07 38 39 44 *07 09*  12,058,500
520  Fri 14 Sep 2012  03 10 23 27 44 *07 09*  21,511,885
519  Tue 11 Sep 2012  06 15 22 37 44 *02 04*  12,016,500
518  Fri  7 Sep 2012  13 15 30 35 42 *04 06*  37,827,315
517  Tue  4 Sep 2012  11 17 18 39 44 *05 10*  27,605,924
516  Fri 31 Aug 2012  16 28 31 33 48 *07 11*  21,380,703
515  Tue 28 Aug 2012  01 18 25 26 44 *04 05*  11,914,500
514  Fri 24 Aug 2012  05 06 12 19 37 *03 07*  37,709,047
513  Tue 21 Aug 2012  04 05 17 38 48 *03 04*  27,638,401
512  Fri 17 Aug 2012  19 25 28 33 44 *02 08*  21,173,767
511  Tue 14 Aug 2012  01 16 38 42 45 *09 10*  11,805,000
510  Fri 10 Aug 2012  11 17 21 48 50 *09 10* 148,656,000
509  Tue  7 Aug 2012  20 27 34 46 50 *02 03* 151,012,000
508  Fri  3 Aug 2012  24 34 35 42 46 *01 05* 142,677,285
507  Tue 31 Jul 2012  04 29 35 36 39 *08 09* 123,419,567
506  Fri 27 Jul 2012  14 15 21 23 48 *02 10* 110,973,507
505  Tue 24 Jul 2012  04 16 18 25 44 *01 11*  87,418,315
504  Fri 20 Jul 2012  10 19 23 45 49 *09 10*  79,035,843
503  Tue 17 Jul 2012  02 07 24 43 46 *08 10*  67,543,388
502  Fri 13 Jul 2012  08 18 25 35 46 *04 09*  60,323,858
501  Tue 10 Jul 2012  01 03 16 24 37 *01 08*  48,445,181
500  Fri  6 Jul 2012  31 32 38 40 42 *01 03*  42,076,911
499  Tue  3 Jul 2012  02 07 22 27 40 *03 06*  32,812,559
498  Fri 29 Jun 2012  14 17 28 29 39 *01 11*  26,900,432
497  Tue 26 Jun 2012  01 11 20 22 35 *08 10*  17,516,871
496  Fri 22 Jun 2012  14 18 19 43 49 *03 07*  12,117,000
495  Tue 19 Jun 2012  07 17 20 35 50 *05 11*  12,109,500
494  Fri 15 Jun 2012  10 22 27 38 48 *03 07*  10,814,550
493  Tue 12 Jun 2012  08 15 26 30 48 *09 10*  12,043,500
492  Fri  8 Jun 2012  05 11 22 34 40 *09 11*  63,837,544
491  Tue  5 Jun 2012  13 34 37 47 49 *08 09* 109,315,762
490  Fri  1 Jun 2012  02 04 14 26 36 *09 10*  97,123,444
489  Tue 29 May 2012  08 15 17 25 28 *03 11*  80,806,756
488  Fri 25 May 2012  12 22 35 46 49 *02 08*  71,823,678
487  Tue 22 May 2012  16 31 32 37 41 *01 07*  60,290,704
486  Fri 18 May 2012  13 29 43 47 50 *09 11*  53,068,969
485  Tue 15 May 2012  02 11 13 26 50 *02 05*  41,232,245
484  Fri 11 May 2012  01 13 17 38 44 *02 11*  35,495,169
483  Tue  8 May 2012  03 21 34 38 48 *05 08*  26,250,991
482  Fri  4 May 2012  03 26 39 40 41 *01 02*  21,084,008
481  Tue  1 May 2012  04 05 15 19 41 *09 11*  12,258,000
480  Fri 27 Apr 2012  20 27 30 36 43 *01 06*  36,231,900
479  Tue 24 Apr 2012  08 09 24 43 48 *03 05*  26,895,374
478  Fri 20 Apr 2012  03 06 29 32 41 *10 11*  21,345,735
477  Tue 17 Apr 2012  10 28 33 48 49 *01 10*  12,369,000
476  Fri 13 Apr 2012  08 13 26 39 43 *03 05*  44,408,417
475  Tue 10 Apr 2012  22 25 27 36 37 *05 09*  32,603,075
474  Fri  6 Apr 2012  11 20 30 35 45 *02 03*  27,033,455
473  Tue  3 Apr 2012  01 08 18 25 30 *09 10*  18,087,550
472  Fri 30 Mar 2012  04 17 23 36 46 *06 10*  12,522,000
471  Tue 27 Mar 2012  24 27 29 34 36 *07 08*  12,555,000
470  Fri 23 Mar 2012  09 15 23 31 50 *08 11*  21,827,112
469  Tue 20 Mar 2012  15 16 28 30 46 *03 04*  12,508,500
468  Fri 16 Mar 2012  03 04 12 23 50 *04 07*  38,034,640
467  Tue 13 Mar 2012  01 10 25 43 47 *08 09*  28,201,173
466  Fri  9 Mar 2012  03 32 36 39 47 *06 09*  22,200,501
465  Tue  6 Mar 2012  23 24 27 37 47 *02 06*  12,525,000
464  Fri  2 Mar 2012  05 06 11 30 44 *02 06*  22,198,233
463  Tue 28 Feb 2012  01 10 17 33 48 *02 03*  12,720,000
462  Fri 24 Feb 2012  03 07 12 26 34 *08 10*  46,432,285
461  Tue 21 Feb 2012  11 14 24 25 29 *07 11*  35,142,486
460  Fri 17 Feb 2012  04 11 28 38 47 *10 11*  28,527,269
459  Tue 14 Feb 2012  14 27 36 42 46 *08 11*  18,731,949
458  Fri 10 Feb 2012  03 08 14 31 41 *07 11*  12,565,500
457  Tue  7 Feb 2012  03 15 17 28 33 *02 04*  45,160,171
456  Fri  3 Feb 2012  16 19 20 25 28 *01 10*  38,388,399
455  Tue 31 Jan 2012  09 34 38 43 45 *02 04*  28,074,424
454  Fri 27 Jan 2012  10 13 19 39 44 *02 06*  22,380,458
453  Tue 24 Jan 2012  01 02 06 20 36 *08 11*  12,523,500
452  Fri 20 Jan 2012  02 10 22 27 28 *06 08*  40,627,241
451  Tue 17 Jan 2012  12 22 30 31 44 *05 06*  30,343,120
450  Fri 13 Jan 2012  13 14 21 27 39 *06 08*  24,189,679
449  Tue 10 Jan 2012  04 09 10 30 40 *02 09*  12,394,500
448  Fri  6 Jan 2012  01 06 10 12 31 *02 07*  30,177,623
447  Tue  3 Jan 2012  03 30 42 45 49 *05 10*  50,010,872
446  Fri 30 Dec 2011  16 36 43 44 50 *07 08*  43,303,615
445  Tue 27 Dec 2011  19 21 25 26 44 *03 07*  31,879,970
444  Fri 23 Dec 2011  07 21 22 24 28 *01 11*  25,852,188
443  Tue 20 Dec 2011  01 09 12 14 48 *01 07*  12,549,000
442  Fri 16 Dec 2011  02 05 10 23 31 *02 05*  39,175,449
441  Tue 13 Dec 2011  07 12 18 33 37 *01 11*  28,908,882
440  Fri  9 Dec 2011  12 21 29 44 47 *01 02*  22,918,879
439  Tue  6 Dec 2011  19 20 21 34 38 *03 09*  12,904,500
438  Fri  2 Dec 2011  07 27 30 40 43 *08 09*  23,341,756
437  Tue 29 Nov 2011  11 25 41 45 50 *02 07*  12,825,000
436  Fri 25 Nov 2011  14 19 26 28 34 *05 08*  30,126,040
435  Tue 22 Nov 2011  16 18 24 38 40 *02 04*  18,941,023
434  Fri 18 Nov 2011  04 12 24 39 44 *02 04*  12,850,500
433  Tue 15 Nov 2011  06 17 22 45 47 *03 11*  12,817,500
432  Fri 11 Nov 2011  01 04 18 23 30 *03 07*  58,162,735
431  Tue  8 Nov 2011  01 04 15 29 40 *01 05*  46,793,457
430  Fri  4 Nov 2011  11 14 41 43 50 *02 09*  39,862,087
429  Tue  1 Nov 2011  14 20 23 45 46 *01 11*  28,991,611
428  Fri 28 Oct 2011  16 17 20 39 50 *04 08*  23,734,845
427  Tue 25 Oct 2011  12 22 27 28 39 *04 10*  13,059,000
426  Fri 21 Oct 2011  02 19 33 37 46 *05 08*  20,841,014
425  Tue 18 Oct 2011  18 23 37 46 48 *02 10*  30,927,684
424  Fri 14 Oct 2011  12 23 29 32 47 *03 05*  24,130,874
423  Tue 11 Oct 2011  01 04 12 16 48 *09 10*  13,152,000
422  Fri  7 Oct 2011  18 26 34 38 42 *05 08* 101,203,601
421  Tue  4 Oct 2011  14 16 23 38 45 *08 11*  86,290,000
420  Fri 30 Sep 2011  05 15 28 31 44 *01 06*  13,912,755
419  Tue 27 Sep 2011  18 27 28 35 40 *03 05*  30,913,743
418  Fri 23 Sep 2011  06 14 33 34 48 *02 06*  23,961,854
417  Tue 20 Sep 2011  09 19 25 36 38 *07 11*  13,039,500
416  Fri 16 Sep 2011  02 08 17 39 42 *03 10*  13,108,500
415  Tue 13 Sep 2011  09 28 30 32 49 *09 10* 140,822,522
414  Fri  9 Sep 2011  05 21 28 31 34 *01 02* 126,867,263
413  Tue  6 Sep 2011  35 42 47 48 50 *08 09* 111,920,466
412  Fri  2 Sep 2011  12 26 37 38 44 *04 07* 101,404,135
411  Tue 30 Aug 2011  02 08 10 19 46 *05 09*  87,376,837
410  Fri 26 Aug 2011  12 22 25 33 45 *05 07*  78,976,312
409  Tue 23 Aug 2011  04 06 14 42 50 *02 04*  65,488,523
408  Fri 19 Aug 2011  06 14 16 28 31 *02 11*  58,085,462
407  Tue 16 Aug 2011  01 13 17 18 45 *03 08*  47,058,914
406  Fri 12 Aug 2011  07 10 20 27 37 *04 07*  40,675,287
405  Tue  9 Aug 2011  07 23 24 34 36 *08 11*  30,055,771
404  Fri  5 Aug 2011  13 14 18 32 34 *01 10*  23,440,309
403  Tue  2 Aug 2011  05 08 14 24 33 *03 08*  13,080,000
402  Fri 29 Jul 2011  12 19 27 37 38 *05 10*  23,933,989
401  Tue 26 Jul 2011  01 05 22 25 48 *03 11*  13,272,000
400  Fri 22 Jul 2011  04 15 23 49 50 *02 06*   6,612,750
399  Tue 19 Jul 2011  03 16 25 26 35 *05 09*  20,319,793
398  Fri 15 Jul 2011  06 26 33 34 39 *03 04*  13,173,000
397  Tue 12 Jul 2011  17 19 38 42 45 *09 10* 161,653,000
396  Fri  8 Jul 2011  12 13 23 40 49 *07 10* 164,761,000
395  Tue  5 Jul 2011  11 28 29 47 49 *01 05* 159,008,879
394  Fri  1 Jul 2011  08 11 23 31 46 *08 09* 141,820,902
393  Tue 28 Jun 2011  15 16 30 44 50 *02 03* 120,687,895
392  Fri 24 Jun 2011  05 16 20 30 41 *06 11* 107,428,374
391  Tue 21 Jun 2011  17 20 35 49 50 *03 04*  91,693,456
390  Fri 17 Jun 2011  11 16 21 22 44 *03 08*  82,001,875
389  Tue 14 Jun 2011  05 12 19 41 48 *08 10*  68,132,630
388  Fri 10 Jun 2011  03 19 20 37 48 *08 11*  60,872,491
387  Tue  7 Jun 2011  06 25 36 38 40 *04 10*  48,962,688
386  Fri  3 Jun 2011  04 39 40 49 50 *02 05*  41,359,053
385  Tue 31 May 2011  01 09 10 22 50 *05 11*  29,730,067
384  Fri 27 May 2011  09 17 25 28 49 *08 09*  23,752,200
383  Tue 24 May 2011  16 23 24 26 29 *02 09*  13,102,500
382  Fri 20 May 2011  10 14 20 25 42 *08 11*  24,115,451
381  Tue 17 May 2011  20 21 37 45 46 *02 03*  13,143,000
380  Fri 13 May 2011  09 11 17 36 47 *01 02* 105,892,179
379  Tue 10 May 2011  03 10 15 28 45 *05 07*  88,200,000
378  Fri  6 May 2011  11 16 20 22 28 *04 09*  25,227,296
377  Fri 29 Apr 2011  15 25 38 40 41 *01 02*  13,335,000
376  Fri 22 Apr 2011  11 22 36 45 48 *01 04*  38,301,216
375  Fri 15 Apr 2011  04 06 21 39 41 *02 06*  25,974,202
374  Fri  8 Apr 2011  21 23 38 47 50 *02 06*  13,275,000
373  Fri  1 Apr 2011  04 17 21 22 33 *04 08*  13,269,000
372  Fri 25 Mar 2011  06 12 21 27 33 *03 07*  60,861,008
371  Fri 18 Mar 2011  01 13 20 26 50 *06 07*  94,101,577
370  Fri 11 Mar 2011  17 19 24 37 46 *02 07*  71,628,834
369  Fri  4 Mar 2011  11 25 27 28 41 *05 08*  53,278,317
368  Fri 25 Feb 2011  12 13 42 45 48 *03 09*  37,687,076
367  Fri 18 Feb 2011  02 03 15 45 49 *05 09*  24,146,665
366  Fri 11 Feb 2011  12 14 15 19 23 *07 08*  12,714,000
365  Fri  4 Feb 2011  02 11 24 35 47 *05 09*   4,873,640
364  Fri 28 Jan 2011  13 23 24 41 42 *01 05*  12,940,500
363  Fri 21 Jan 2011  03 11 13 18 21 *04 05*  12,354,361
362  Fri 14 Jan 2011  02 14 24 39 44 *06 07*  12,657,000
361  Fri  7 Jan 2011  01 22 32 48 50 *06 07*  12,487,500
360  Fri 31 Dec 2010  02 24 34 38 43 *01 07*  13,178,614
359  Fri 24 Dec 2010  19 36 38 42 46 *02 08*  16,301,884
358  Fri 17 Dec 2010  03 20 29 35 42 *03 08*  37,234,742
357  Fri 10 Dec 2010  02 03 10 33 46 *07 08*  24,100,215
356  Fri  3 Dec 2010  08 19 28 32 46 *04 07*  12,748,500
355  Fri 26 Nov 2010  09 28 36 41 49 *05 07*  38,556,253
354  Fri 19 Nov 2010  12 15 32 36 45 *07 09*  25,874,272
353  Fri 12 Nov 2010  07 19 23 29 47 *01 06*  13,716,650
352  Fri  5 Nov 2010  21 23 33 40 50 *04 05*  25,300,621
351  Fri 29 Oct 2010  16 20 22 32 42 *08 09*  13,042,500
350  Fri 22 Oct 2010  04 05 09 11 39 *03 05*  13,115,962
349  Fri 15 Oct 2010  02 31 36 38 43 *03 07*  13,152,000
348  Fri  8 Oct 2010  09 30 35 39 46 *06 08* 113,019,926
347  Fri  1 Oct 2010  01 04 06 27 48 *01 06*  87,100,000
346  Fri 24 Sep 2010  01 04 16 40 48 *01 09*  12,235,471
345  Fri 17 Sep 2010  17 27 29 38 50 *01 03*  12,558,000
344  Fri 10 Sep 2010  17 21 35 41 45 *01 05*  12,454,500
343  Fri  3 Sep 2010  13 24 26 47 49 *04 08*  12,543,000
342  Fri 27 Aug 2010  01 06 13 30 49 *01 09*   6,173,250
341  Fri 20 Aug 2010  05 27 31 40 42 *01 06*  12,202,500
340  Fri 13 Aug 2010  04 09 15 21 47 *02 07*   4,093,500
339  Fri  6 Aug 2010  13 25 28 29 42 *04 05*  12,502,500
338  Fri 30 Jul 2010  03 04 11 28 39 *02 08*  23,414,853
337  Fri 23 Jul 2010  04 13 35 37 46 *03 09*  12,592,500
336  Fri 16 Jul 2010  38 39 45 46 49 *07 08*  35,767,540
335  Fri  9 Jul 2010  09 24 37 39 49 *03 09*  23,591,586
334  Fri  2 Jul 2010  12 13 36 41 46 *01 08*  12,424,500
333  Fri 25 Jun 2010  01 08 18 28 31 *08 09*  23,090,988
332  Fri 18 Jun 2010  02 29 31 32 38 *01 04*  12,540,000
331  Fri 11 Jun 2010  02 22 24 36 44 *01 02*  12,408,000
330  Fri  4 Jun 2010  04 17 34 40 42 *04 09*  12,442,500
329  Fri 28 May 2010  04 09 31 32 33 *03 07*  12,693,000
328  Fri 21 May 2010  07 19 30 38 50 *04 07*  13,072,500
327  Fri 14 May 2010  01 17 31 43 47 *02 03*  84,451,321
326  Fri  7 May 2010  03 06 15 21 32 *07 09*  67,967,955
325  Fri 30 Apr 2010  06 22 24 25 36 *03 08*  52,603,784
324  Fri 23 Apr 2010  03 07 08 43 46 *06 08*  38,064,784
323  Fri 16 Apr 2010  09 11 17 26 40 *03 09*  25,378,348
322  Fri  9 Apr 2010  07 21 23 24 44 *03 04*  13,177,500
321  Fri  2 Apr 2010  12 18 24 26 45 *04 05*  13,339,500
320  Fri 26 Mar 2010  08 16 18 37 43 *02 06*  39,754,555
319  Fri 19 Mar 2010  10 28 30 38 39 *02 07*  26,412,247
318  Fri 12 Mar 2010  01 26 33 36 46 *06 07*  13,633,500
317  Fri  5 Mar 2010  12 18 19 43 49 *03 09*  41,706,216
316  Fri 26 Feb 2010  07 11 18 29 42 *06 07*  26,963,008
315  Fri 19 Feb 2010  12 31 37 38 43 *02 03*  13,222,500
314  Fri 12 Feb 2010  01 05 18 38 45 *04 06*  56,008,113
313  Fri  5 Feb 2010  34 35 38 39 46 *03 04*  87,570,000
312  Fri 29 Jan 2010  09 17 30 39 43 *05 07*  25,403,095
311  Fri 22 Jan 2010  04 22 27 36 44 *07 09*  13,197,000
310  Fri 15 Jan 2010  11 26 29 49 50 *04 07*  26,151,124
309  Fri  8 Jan 2010  04 05 14 44 46 *08 09*  38,666,984
308  Fri  1 Jan 2010  09 22 24 27 36 *05 07*  25,315,385
307  Fri 25 Dec 2009  04 05 14 17 34 *03 05*  13,590,000
306  Fri 18 Dec 2009  14 30 32 35 49 *03 08*  52,883,496
305  Fri 11 Dec 2009  20 41 43 44 46 *02 09*  39,585,642
304  Fri  4 Dec 2009  18 19 25 30 44 *01 03*  26,301,056
303  Fri 27 Nov 2009  05 08 13 15 33 *08 09*  13,660,500
302  Fri 20 Nov 2009  05 09 28 43 47 *02 09*  13,536,000
301  Fri 13 Nov 2009  13 15 25 26 32 *03 04*  14,839,480
300  Fri  6 Nov 2009  11 19 34 43 45 *05 09*  45,570,836
299  Fri 30 Oct 2009  09 33 35 38 40 *02 06*  71,278,155
298  Fri 23 Oct 2009  06 18 20 29 31 *02 08*  55,868,893
297  Fri 16 Oct 2009  12 23 30 31 47 *03 04*  40,391,228
296  Fri  9 Oct 2009  07 11 29 46 50 *04 07*  27,066,647
295  Fri  2 Oct 2009  22 23 24 29 44 *01 05*  13,764,000
294  Fri 25 Sep 2009  06 17 18 21 34 *03 09*  13,830,000
293  Fri 18 Sep 2009  06 16 30 38 41 *02 04*  90,740,000
292  Fri 11 Sep 2009  12 15 35 42 43 *04 06*  37,805,108
291  Fri  4 Sep 2009  06 09 20 38 39 *03 09*  24,942,782
290  Fri 28 Aug 2009  08 36 37 41 49 *05 07*  13,219,500
289  Fri 21 Aug 2009  04 07 16 31 42 *03 05*  32,731,271
288  Fri 14 Aug 2009  05 08 24 30 49 *03 09*  49,372,566
287  Fri  7 Aug 2009  10 20 22 24 31 *02 07*  35,727,239
286  Fri 31 Jul 2009  05 09 20 21 26 *03 06*  23,957,846
285  Fri 24 Jul 2009  14 15 25 35 47 *05 09*  13,008,000
284  Fri 17 Jul 2009  02 08 17 32 50 *03 07*  49,802,092
283  Fri 10 Jul 2009  06 16 20 42 46 *01 06*  36,399,342
282  Fri  3 Jul 2009  21 29 34 46 47 *06 08*  24,056,336
281  Fri 26 Jun 2009  06 11 21 30 39 *02 08*  12,787,500
280  Fri 19 Jun 2009  04 16 17 20 29 *05 07*  12,853,500
279  Fri 12 Jun 2009  06 14 16 34 50 *04 06*  24,951,269
278  Fri  5 Jun 2009  11 19 26 35 40 *02 05*  37,574,774
277  Fri 29 May 2009  02 05 30 37 47 *03 06*  24,953,014
276  Fri 22 May 2009  04 13 14 33 43 *01 06*  13,254,000
275  Fri 15 May 2009  08 18 19 20 42 *05 09*  13,402,500
274  Fri  8 May 2009  04 23 24 29 31 *08 09* 113,229,891
273  Fri  1 May 2009  05 19 31 38 47 *03 05*  88,364,737
272  Fri 24 Apr 2009  04 14 21 24 41 *05 08*  69,762,491
271  Fri 17 Apr 2009  04 07 21 44 47 *01 05*  51,694,404
270  Fri 10 Apr 2009  09 14 16 37 46 *02 04*  38,126,495
269  Fri  3 Apr 2009  02 20 24 32 46 *01 09*  25,879,558
268  Fri 27 Mar 2009  25 33 36 38 42 *06 07*  14,082,000
267  Fri 20 Mar 2009  12 16 23 31 35 *04 06*  14,023,690
266  Fri 13 Mar 2009  12 24 26 36 42 *01 04*  14,858,473
265  Fri  6 Mar 2009  13 17 19 25 35 *05 06*  45,060,000
264  Fri 27 Feb 2009  05 09 37 44 45 *06 09*  38,191,683
263  Fri 20 Feb 2009  09 12 13 14 48 *01 02*  25,094,625
262  Fri 13 Feb 2009  22 33 36 40 42 *01 02*  13,461,000
261  Fri  6 Feb 2009  10 20 30 36 40 *03 05*   6,563,250
260  Fri 30 Jan 2009  04 29 34 35 46 *05 08*  25,509,888
259  Fri 23 Jan 2009  32 33 36 40 49 *02 08*  14,193,000
258  Fri 16 Jan 2009  03 17 22 49 50 *03 06*  13,554,000
257  Fri  9 Jan 2009  07 15 22 28 48 *01 04*  50,993,587
256  Fri  2 Jan 2009  29 30 36 37 48 *01 06*  38,731,512
255  Fri 26 Dec 2008  01 02 26 44 50 *01 07*  25,725,186
254  Fri 19 Dec 2008  28 29 40 46 50 *05 07*  14,019,000
253  Fri 12 Dec 2008  02 19 28 42 49 *02 07*   6,723,750
252  Fri  5 Dec 2008  04 08 21 35 45 *05 08*  12,993,000
251  Fri 28 Nov 2008  08 11 16 25 41 *02 04*  23,209,583
250  Fri 21 Nov 2008  09 14 21 49 50 *03 08*  12,733,500
249  Fri 14 Nov 2008  08 10 14 21 26 *03 04*  12,916,500
248  Fri  7 Nov 2008  01 09 12 17 18 *03 04*  12,232,500
247  Fri 31 Oct 2008  03 18 25 34 41 *02 05*  17,036,152
246  Fri 24 Oct 2008  07 15 16 17 45 *06 09*  22,430,836
245  Fri 17 Oct 2008  03 10 12 42 50 *01 05*  11,643,000
244  Fri 10 Oct 2008  04 15 22 31 41 *01 06*  22,911,461
243  Fri  3 Oct 2008  04 13 19 23 38 *02 03*  11,697,000
242  Fri 26 Sep 2008  14 29 31 33 37 *01 02* 102,804,000
241  Fri 19 Sep 2008  14 16 19 20 31 *06 09*  11,848,500
240  Fri 12 Sep 2008  19 23 33 37 50 *03 07*  11,902,500
239  Fri  5 Sep 2008  07 12 16 17 39 *03 08*  48,247,119
238  Fri 29 Aug 2008  02 20 25 37 39 *05 08*  73,535,143
237  Fri 22 Aug 2008  07 27 29 39 50 *05 07*  56,497,830
236  Fri 15 Aug 2008  11 17 18 26 31 *05 06*  42,652,554
235  Fri  8 Aug 2008  04 05 15 16 45 *04 07*  31,572,685
234  Fri  1 Aug 2008  01 22 25 40 50 *01 08*  21,278,542
233  Fri 25 Jul 2008  07 11 15 24 29 *02 07*  11,836,500
232  Fri 18 Jul 2008  10 14 16 29 44 *05 06*  11,904,000
231  Fri 11 Jul 2008  09 11 13 19 37 *03 04*  12,022,500
230  Fri  4 Jul 2008  07 19 22 27 48 *05 07*  11,887,500
229  Fri 27 Jun 2008  05 20 26 44 50 *05 07*  46,162,270
228  Fri 20 Jun 2008  08 11 36 37 45 *03 05*  34,282,210
227  Fri 13 Jun 2008  13 16 37 44 50 *01 09*  23,643,210
226  Fri  6 Jun 2008  07 19 21 40 50 *02 09*  12,021,000
225  Fri 30 May 2008  05 07 14 20 49 *02 08*  11,785,500
224  Fri 23 May 2008  05 09 19 21 38 *01 07*   2,989,875
223  Fri 16 May 2008  06 09 15 25 38 *04 09*  44,376,310
222  Fri  9 May 2008  08 09 40 42 45 *06 07*  32,235,833
221  Fri  2 May 2008  02 26 37 45 48 *04 08*  21,330,632
220  Fri 25 Apr 2008  04 19 26 27 30 *03 08*  11,808,000
219  Fri 18 Apr 2008  03 06 07 27 50 *05 09*  46,291,408
218  Fri 11 Apr 2008  06 25 30 45 50 *05 07*  34,029,801
217  Fri  4 Apr 2008  11 13 18 37 47 *01 06*  22,132,109
216  Fri 28 Mar 2008  05 09 17 29 39 *03 06*  11,893,500
215  Fri 21 Mar 2008  02 10 18 22 36 *04 06*  11,700,000
214  Fri 14 Mar 2008  13 21 25 35 48 *04 08*  21,956,568
213  Fri  7 Mar 2008  02 07 14 17 35 *01 06*  11,449,500
212  Fri 29 Feb 2008  12 37 40 47 49 *02 09*  11,482,500
211  Fri 22 Feb 2008  04 27 32 46 50 *08 09*  21,828,987
210  Fri 15 Feb 2008  12 27 29 45 46 *04 07*  11,254,500
209  Fri  8 Feb 2008  17 28 30 38 44 *01 04*  96,525,000
208  Fri  1 Feb 2008  22 30 45 47 49 *04 09*  11,314,500
207  Fri 25 Jan 2008  02 06 09 19 45 *07 08*  56,838,131
206  Fri 18 Jan 2008  14 16 23 40 46 *04 08*  43,043,848
205  Fri 11 Jan 2008  08 24 36 49 50 *04 08*  30,830,593
204  Fri  4 Jan 2008  10 12 24 25 41 *03 05*  20,174,823
203  Fri 28 Dec 2007  20 21 22 31 45 *07 09*  11,092,500
202  Fri 21 Dec 2007  07 09 28 37 44 *06 07*  20,144,622
201  Fri 14 Dec 2007  08 25 30 36 44 *03 04*  10,765,500
200  Fri  7 Dec 2007  02 04 32 43 48 *01 07*  19,829,479
199  Fri 30 Nov 2007  12 19 20 30 38 *07 09*  10,713,000
198  Fri 23 Nov 2007  02 10 22 29 48 *03 09*  19,779,134
197  Fri 16 Nov 2007  09 18 23 33 37 *01 08*  10,744,500
196  Fri  9 Nov 2007  05 14 22 25 36 *05 06*   5,283,750
195  Fri  2 Nov 2007  03 16 18 19 40 *01 02*  28,675,991
194  Fri 26 Oct 2007  07 20 38 40 43 *01 08*  19,424,115
193  Fri 19 Oct 2007  07 18 34 35 40 *07 08*  10,515,000
192  Fri 12 Oct 2007  21 32 36 46 47 *03 04*   5,250,000
191  Fri  5 Oct 2007  11 20 27 35 44 *02 05*   2,085,000
190  Fri 28 Sep 2007  22 30 34 35 44 *04 05*  89,986,000
189  Fri 21 Sep 2007  01 17 32 35 37 *01 08*  19,075,668
188  Fri 14 Sep 2007  05 09 11 29 33 *07 09*  10,407,000
187  Fri  7 Sep 2007  02 03 33 34 42 *03 05*  10,222,500
186  Fri 31 Aug 2007  06 18 22 23 37 *05 06*  26,533,768
185  Fri 24 Aug 2007  01 03 16 42 48 *02 03*  18,180,933
184  Fri 17 Aug 2007  02 03 13 38 42 *07 08*  10,245,000
183  Fri 10 Aug 2007  23 40 42 43 49 *02 06*  35,425,412
182  Fri  3 Aug 2007  10 30 33 37 41 *01 08*  26,567,438
181  Fri 27 Jul 2007  01 04 21 29 41 *07 08*  18,065,039
180  Fri 20 Jul 2007  10 21 25 26 50 *04 09*  10,129,500
179  Fri 13 Jul 2007  09 13 15 31 48 *03 06*  38,751,123
178  Fri  6 Jul 2007  04 05 19 39 41 *08 09*  27,130,830
177  Fri 29 Jun 2007  08 12 28 33 45 *01 03*  18,141,468
176  Fri 22 Jun 2007  11 16 17 22 34 *05 06*  10,143,000
175  Fri 15 Jun 2007  05 07 14 21 40 *03 08*  18,315,755
174  Fri  8 Jun 2007  01 15 17 25 45 *02 08*  10,227,000
173  Fri  1 Jun 2007  06 22 37 41 42 *06 09*  10,213,500
172  Fri 25 May 2007  25 26 29 49 50 *07 08*  10,198,500
171  Fri 18 May 2007  26 34 37 39 49 *02 06*  10,300,500
170  Fri 11 May 2007  07 12 26 29 49 *02 06*  12,184,606
169  Fri  4 May 2007  06 17 35 41 45 *01 05*  27,129,600
168  Fri 27 Apr 2007  07 18 27 36 44 *01 02*  18,412,118
167  Fri 20 Apr 2007  23 26 32 41 45 *03 07*  10,222,500
166  Fri 13 Apr 2007  07 20 25 38 41 *03 07*  10,255,500
165  Fri  6 Apr 2007  15 23 29 41 48 *03 06*  18,409,444
164  Fri 30 Mar 2007  09 17 19 41 46 *01 08*  10,222,500
163  Fri 23 Mar 2007  05 13 17 40 43 *01 03*  27,883,920
162  Fri 16 Mar 2007  04 14 31 45 49 *04 09*  19,068,212
161  Fri  9 Mar 2007  02 03 25 43 48 *06 09*  10,222,500
160  Fri  2 Mar 2007  03 16 34 38 48 *05 08*  14,407,661
159  Fri 23 Feb 2007  02 15 18 20 22 *02 05*  19,003,239
158  Fri 16 Feb 2007  08 19 20 39 50 *06 09*  10,147,500
157  Fri  9 Feb 2007  14 16 30 36 46 *02 08*  66,980,000
156  Fri  2 Feb 2007  14 23 27 30 36 *01 06*  17,980,945
155  Fri 26 Jan 2007  11 15 23 30 38 *04 09*   9,925,500
154  Fri 19 Jan 2007  05 13 27 33 42 *02 04*   9,892,500
153  Fri 12 Jan 2007  08 11 14 19 25 *03 05*   9,931,500
152  Fri  5 Jan 2007  17 19 29 36 45 *05 06*  26,508,665
151  Fri 29 Dec 2006  06 09 13 14 35 *03 04*  45,347,820
150  Fri 22 Dec 2006  09 11 20 38 43 *02 03*  35,802,728
149  Fri 15 Dec 2006  09 23 35 37 42 *03 07*  26,717,930
148  Fri  8 Dec 2006  16 17 18 36 47 *01 02*  18,316,018
147  Fri  1 Dec 2006  04 08 16 37 41 *02 05*  10,155,000
146  Fri 24 Nov 2006  05 08 17 25 40 *01 05*   5,061,750
145  Fri 17 Nov 2006  12 22 32 33 36 *02 06*   6,750,278
144  Fri 10 Nov 2006  14 21 27 30 36 *02 03* 103,732,783
143  Fri  3 Nov 2006  11 13 24 44 49 *03 09*  88,344,099
142  Fri 27 Oct 2006  03 04 08 44 50 *07 08*  76,340,225
141  Fri 20 Oct 2006  10 19 34 45 47 *03 06*  65,142,684
140  Fri 13 Oct 2006  02 25 32 38 41 *03 05*  56,070,560
139  Fri  6 Oct 2006  05 11 22 35 38 *07 08*  46,854,371
138  Fri 29 Sep 2006  01 03 06 18 24 *05 08*  40,239,985
137  Fri 22 Sep 2006  10 29 30 45 49 *03 08*  31,939,763
136  Fri 15 Sep 2006  06 10 16 26 49 *07 09*  24,337,182
135  Fri  8 Sep 2006  01 10 12 32 33 *01 08*  17,240,142
134  Fri  1 Sep 2006  03 07 25 45 50 *06 09*  10,155,000
133  Fri 25 Aug 2006  10 28 40 47 48 *06 08*  39,013,160
132  Fri 18 Aug 2006  12 37 39 40 50 *01 02*  31,392,520
131  Fri 11 Aug 2006  27 28 31 46 47 *02 05*  23,807,666
130  Fri  4 Aug 2006  01 14 15 26 32 *03 07*  16,954,778
129  Fri 28 Jul 2006  03 08 12 29 43 *06 07*  10,326,000
128  Fri 21 Jul 2006  02 04 09 38 50 *06 08*  17,191,693
127  Fri 14 Jul 2006  01 07 17 31 36 *02 08*  10,374,000
126  Fri  7 Jul 2006  07 09 18 35 43 *05 07*  23,809,497
125  Fri 30 Jun 2006  06 15 16 40 43 *01 02*  40,812,950
124  Fri 23 Jun 2006  09 21 30 43 44 *01 09*  32,403,049
123  Fri 16 Jun 2006  01 16 26 30 36 *03 09*  24,499,898
122  Fri  9 Jun 2006  03 12 15 34 39 *04 06*  17,366,509
121  Fri  2 Jun 2006  07 08 27 41 48 *01 06*  10,335,000
120  Fri 26 May 2006  02 12 21 41 49 *03 07*   5,163,000
119  Fri 19 May 2006  03 05 25 34 49 *05 08*  10,137,000
118  Fri 12 May 2006  05 20 23 34 50 *01 05*   8,794,649
117  Fri  5 May 2006  04 08 14 16 50 *03 09*  10,320,000
116  Fri 28 Apr 2006  05 10 17 22 33 *05 07*   4,492,567
115  Fri 21 Apr 2006  01 20 22 37 46 *01 09*  10,440,000
114  Fri 14 Apr 2006  16 26 34 35 49 *02 06*  17,804,198
113  Fri  7 Apr 2006  12 13 29 44 50 *04 05*  10,485,000
112  Fri 31 Mar 2006  03 20 31 45 50 *06 07*  53,102,939
111  Fri 24 Mar 2006  17 28 33 35 47 *04 09*  45,191,782
110  Fri 17 Mar 2006  05 32 44 45 50 *01 07*  36,196,725
109  Fri 10 Mar 2006  01 21 33 45 49 *04 08*  26,351,576
108  Fri  3 Mar 2006  03 05 08 10 44 *03 05*  18,470,476
107  Fri 24 Feb 2006  01 11 18 19 47 *03 07*  10,255,500
106  Fri 17 Feb 2006  04 23 24 26 38 *02 04*  19,180,108
105  Fri 10 Feb 2006  05 06 38 48 50 *06 07*  10,296,000
104  Fri  3 Feb 2006  09 21 30 39 50 *01 03*  42,019,877
103  Fri 27 Jan 2006  09 15 21 40 49 *01 04* 105,412,292
102  Fri 20 Jan 2006  12 15 33 44 50 *02 06*  87,820,908
101  Fri 13 Jan 2006  08 12 19 33 34 *01 06*  73,898,698
100  Fri  6 Jan 2006  02 06 09 14 26 *04 05*  61,801,800
 99  Fri 30 Dec 2005  08 16 19 43 45 *01 04*  53,342,474
 98  Fri 23 Dec 2005  15 31 36 37 42 *01 07*  45,483,082
 97  Fri 16 Dec 2005  02 03 15 18 32 *06 07*  38,305,717
 96  Fri  9 Dec 2005  11 18 35 38 42 *01 05*  30,453,067
 95  Fri  2 Dec 2005  01 09 20 23 30 *04 07*  23,443,437
 94  Fri 25 Nov 2005  01 06 27 39 47 *01 06*  16,846,594
 93  Fri 18 Nov 2005  17 18 25 34 48 *02 03*  10,312,500
 92  Fri 11 Nov 2005  15 16 36 41 42 *03 05*  30,453,995
 91  Fri  4 Nov 2005  26 36 37 38 42 *02 06*  23,432,048
 90  Fri 28 Oct 2005  14 36 44 47 50 *03 05*  16,727,964
 89  Fri 21 Oct 2005  01 14 19 29 33 *01 08*  10,143,000
 88  Fri 14 Oct 2005  10 11 19 20 23 *01 06*  10,215,000
 87  Fri  7 Oct 2005  02 13 21 26 44 *03 09*   5,167,500
 86  Fri 30 Sep 2005  06 11 47 48 50 *01 06*   4,255,018
 85  Fri 23 Sep 2005  01 26 31 34 47 *04 09*  10,200,000
 84  Fri 16 Sep 2005  12 13 19 21 38 *03 09*  51,513,123
 83  Fri  9 Sep 2005  08 12 19 31 50 *06 07*  44,899,448
 82  Fri  2 Sep 2005  03 04 14 43 50 *03 06*  39,270,421
 81  Fri 26 Aug 2005  09 29 35 40 41 *01 06*  31,534,575
 80  Fri 19 Aug 2005  11 24 29 31 41 *01 03*  24,045,393
 79  Fri 12 Aug 2005  15 23 30 37 40 *07 09*  17,327,035
 78  Fri  5 Aug 2005  02 11 21 22 30 *04 06*  10,443,000
 77  Fri 29 Jul 2005  03 19 26 49 50 *04 05*  79,881,799
 76  Fri 22 Jul 2005  03 14 41 48 49 *01 04*  67,927,336
 75  Fri 15 Jul 2005  01 11 12 23 42 *03 06*  57,176,654
 74  Fri  8 Jul 2005  35 36 42 46 49 *02 08*  48,784,765
 73  Fri  1 Jul 2005  04 05 23 25 28 *03 04*  40,827,016
 72  Fri 24 Jun 2005  06 08 14 15 45 *07 08*  34,370,581
 71  Fri 17 Jun 2005  04 08 10 18 21 *01 07*  28,094,862
 70  Fri 10 Jun 2005  06 07 32 37 47 *01 07*  21,734,699
 69  Fri  3 Jun 2005  03 08 11 17 50 *01 05*  15,902,687
 68  Fri 27 May 2005  02 24 31 48 50 *04 09*  10,402,500
 67  Fri 20 May 2005  06 07 13 28 47 *05 08*  29,611,179
 66  Fri 13 May 2005  12 17 31 32 40 *02 09*  22,628,469
 65  Fri  6 May 2005  07 12 21 26 44 *06 08*  15,917,412
 64  Fri 29 Apr 2005  03 09 35 39 42 *01 08*  10,155,000
 63  Fri 22 Apr 2005  03 10 13 24 47 *05 09*   8,128,286
 62  Fri 15 Apr 2005  06 28 31 38 42 *03 09*  10,278,000
 61  Fri  8 Apr 2005  07 11 25 31 50 *01 03*  43,951,166
 60  Fri  1 Apr 2005  25 26 41 44 47 *03 07*  36,934,606
 59  Fri 25 Mar 2005  04 29 33 37 38 *06 09*  31,323,139
 58  Fri 18 Mar 2005  06 23 39 43 48 *05 07*  24,623,504
 57  Fri 11 Mar 2005  08 12 23 40 43 *01 04*  18,499,838
 56  Fri  4 Mar 2005  12 24 32 37 39 *07 09*  12,348,100
 55  Fri 25 Feb 2005  03 27 30 43 44 *04 08*   6,907,000
 54  Fri 18 Feb 2005  20 21 26 32 46 *08 09*   6,903,000
 53  Fri 11 Feb 2005  11 13 25 32 50 *04 07*  23,978,705
 52  Fri  4 Feb 2005  01 08 11 30 40 *07 08*  17,823,072
 51  Fri 28 Jan 2005  07 21 26 43 45 *05 07*  12,275,202
 50  Fri 21 Jan 2005  10 12 14 24 26 *05 08*   6,970,000
 49  Fri 14 Jan 2005  06 11 14 19 29 *01 03*   9,148,089
 48  Fri  7 Jan 2005  03 23 27 47 50 *02 03*  12,408,063
 47  Fri 31 Dec 2004  07 08 24 25 47 *08 09*   7,074,000
 46  Fri 24 Dec 2004  03 04 27 29 37 *05 06*   7,037,000
 45  Fri 17 Dec 2004  15 19 22 46 49 *02 09*  17,973,434
 44  Fri 10 Dec 2004  01 03 13 16 43 *02 07*  12,388,642
 43  Fri  3 Dec 2004  01 11 15 42 49 *03 04*   6,945,000
 42  Fri 26 Nov 2004  01 04 24 34 36 *06 08*  30,738,943
 41  Fri 19 Nov 2004  01 18 29 34 37 *02 06*  23,523,322
 40  Fri 12 Nov 2004  04 11 12 13 32 *03 09*  17,364,782
 39  Fri  5 Nov 2004  06 19 25 42 49 *01 07*  12,066,841
 38  Fri 29 Oct 2004  01 08 32 35 38 *04 09*   6,967,000
 37  Fri 22 Oct 2004  01 09 23 25 40 *03 09*  17,398,554
 36  Fri 15 Oct 2004  14 21 22 37 43 *05 08*  11,885,938
 35  Fri  8 Oct 2004  01 10 12 16 48 *02 06*   6,950,000
 34  Fri  1 Oct 2004  12 20 21 45 48 *05 06*  20,656,084
 33  Fri 24 Sep 2004  21 26 27 44 48 *01 07*  17,853,153
 32  Fri 17 Sep 2004  15 18 29 39 41 *05 08*  15,652,287
 31  Fri 10 Sep 2004  05 25 33 36 38 *02 05*  13,705,824
 30  Fri  3 Sep 2004  08 12 14 15 34 *06 07*  11,745,718
 29  Fri 27 Aug 2004  01 11 22 28 44 *01 09*   9,880,576
 28  Fri 20 Aug 2004  06 09 10 27 35 *06 08*   8,372,421
 27  Fri 13 Aug 2004  20 27 41 43 50 *05 08*   6,740,000
 26  Fri  6 Aug 2004  05 15 24 35 44 *05 06*  16,568,021
 25  Fri 30 Jul 2004  09 10 19 37 50 *01 06*  14,603,161
 24  Fri 23 Jul 2004  07 10 27 31 34 *03 08*  12,787,495
 23  Fri 16 Jul 2004  24 26 31 38 50 *05 08*  11,275,186
 22  Fri  9 Jul 2004  02 05 12 19 44 *08 09*   9,720,341
 21  Fri  2 Jul 2004  04 23 24 28 34 *01 03*   8,214,347
 20  Fri 25 Jun 2004  03 21 30 34 35 *01 02*   6,685,000
 19  Fri 18 Jun 2004  02 23 28 40 43 *02 06*   8,140,055
 18  Fri 11 Jun 2004  02 07 08 10 47 *01 07*   6,580,000
 17  Fri  4 Jun 2004  09 13 34 41 42 *03 07*   8,735,476
 16  Fri 28 May 2004  06 11 35 41 44 *05 06*   6,712,000
 15  Fri 21 May 2004  15 29 37 39 49 *04 09*   6,712,000
 14  Fri 14 May 2004  01 03 21 32 39 *02 06*  22,849,563
 13  Fri  7 May 2004  15 16 21 36 38 *01 05*  19,983,000
 12  Fri 30 Apr 2004  05 06 16 23 27 *06 07*  16,887,500
 11  Fri 23 Apr 2004  06 10 21 45 49 *03 05*  13,390,000
 10  Fri 16 Apr 2004  14 15 28 35 40 *01 03*  10,027,500
  9  Fri  9 Apr 2004  01 04 10 19 23 *02 08*  16,752,145
  8  Fri  2 Apr 2004  04 12 24 27 36 *02 09*  15,183,435
  7  Fri 26 Mar 2004  03 04 10 23 43 *02 04*  13,451,480
  6  Fri 19 Mar 2004  33 36 37 42 45 *04 09*  11,696,661
  5  Fri 12 Mar 2004  15 24 28 44 47 *04 05*  10,171,500
  4  Fri  5 Mar 2004  04 07 33 37 39 *01 05*  13,870,849
  3  Fri 27 Feb 2004  14 18 19 31 37 *04 05*  11,880,304
  2  Fri 20 Feb 2004  07 13 39 47 50 *02 05*  10,111,500
  1  Fri 13 Feb 2004  16 29 32 36 41 *07 09*  10,143,000